{
  "action_radians": [
    -0.0028928782168556808,
    -0.010784436769345263,
    -0.019208488961791295,
    -0.021212490359942215,
    0.025344125731902922,
    -0.04036166318374529,
    0.996078431372549
  ],
  "action_degrees": [
    -0.16574971247116183,
    -0.617902711309184,
    -1.1005653483342697,
    -1.2153861705866336,
    1.452111439886946,
    -2.3125529545571624,
    57.07109018165847
  ]
}