{"_runtime":0.634227203,"_step":7,"acc":0.8213794156909394,"loss":0.19589441156656973,"_timestamp":1.7450924368934705e+09,"_wandb":{"runtime":0}}